{"coverage": 68.42105263157895, "raw_data": {"meta": {"version": "7.4.0", "timestamp": "2024-01-13T12:10:30.659880", "branch_coverage": false, "show_contexts": false}, "files": {"qbittorrent_exporter/__init__.py": {"executed_lines": [0], "summary": {"covered_lines": 0, "num_statements": 0, "percent_covered": 100.0, "percent_covered_display": "100", "missing_lines": 0, "excluded_lines": 0}, "missing_lines": [], "excluded_lines": []}, "qbittorrent_exporter/exporter.py": {"executed_lines": [1, 2, 3, 4, 5, 6, 7, 8, 9, 11, 12, 13, 14, 17, 18, 21, 22, 26, 27, 30, 31, 32, 36, 37, 38, 39, 40, 43, 44, 45, 46, 53, 55, 59, 61, 62, 63, 67, 70, 73, 75, 79, 80, 81, 83, 85, 89, 90, 93, 94, 95, 99, 149, 151, 152, 153, 154, 155, 156, 157, 158, 160, 162, 163, 164, 165, 166, 168, 172, 179, 183, 185, 188, 199, 200, 201, 203, 204, 206, 207, 208, 209, 212, 215, 217, 220, 221, 228, 231, 239, 251, 267, 310], "summary": {"covered_lines": 91, "num_statements": 133, "percent_covered": 68.42105263157895, "percent_covered_display": "68", "missing_lines": 42, "excluded_lines": 0}, "missing_lines": [96, 97, 222, 225, 226, 229, 232, 233, 234, 235, 236, 240, 241, 242, 243, 244, 245, 246, 248, 253, 269, 270, 273, 274, 275, 277, 280, 283, 285, 286, 289, 290, 291, 294, 297, 298, 301, 302, 304, 305, 307, 311], "excluded_lines": []}}, "totals": {"covered_lines": 91, "num_statements": 133, "percent_covered": 68.42105263157895, "percent_covered_display": "68", "missing_lines": 42, "excluded_lines": 0}}, "coverage_path": "."}