{"coverage": 40.15151515151515, "raw_data": {"meta": {"version": "7.3.2", "timestamp": "2023-11-20T12:45:22.156894", "branch_coverage": false, "show_contexts": false}, "files": {"qbittorrent_exporter/__init__.py": {"executed_lines": [0], "summary": {"covered_lines": 0, "num_statements": 0, "percent_covered": 100.0, "percent_covered_display": "100", "missing_lines": 0, "excluded_lines": 0}, "missing_lines": [], "excluded_lines": []}, "qbittorrent_exporter/exporter.py": {"executed_lines": [1, 2, 3, 4, 5, 6, 7, 8, 9, 11, 12, 13, 14, 17, 18, 21, 22, 26, 27, 30, 31, 32, 36, 37, 38, 39, 40, 43, 44, 45, 46, 54, 58, 60, 61, 62, 66, 69, 72, 74, 84, 148, 159, 167, 178, 184, 197, 218, 219, 226, 229, 237, 249, 265, 308], "summary": {"covered_lines": 53, "num_statements": 132, "percent_covered": 40.15151515151515, "percent_covered_display": "40", "missing_lines": 79, "excluded_lines": 0}, "missing_lines": [78, 79, 80, 82, 88, 89, 92, 93, 94, 95, 96, 98, 150, 151, 152, 153, 154, 155, 156, 157, 161, 162, 163, 164, 165, 171, 182, 187, 198, 199, 201, 202, 204, 205, 206, 207, 210, 213, 215, 220, 223, 224, 227, 230, 231, 232, 233, 234, 238, 239, 240, 241, 242, 243, 244, 246, 251, 267, 268, 271, 272, 273, 275, 278, 281, 283, 284, 287, 288, 289, 292, 295, 296, 299, 300, 302, 303, 305, 309], "excluded_lines": []}}, "totals": {"covered_lines": 53, "num_statements": 132, "percent_covered": 40.15151515151515, "percent_covered_display": "40", "missing_lines": 79, "excluded_lines": 0}}, "coverage_path": "."}