{"coverage": 71.52317880794702, "raw_data": {"meta": {"format": 3, "version": "7.13.5", "timestamp": "2026-05-27T15:59:46.988865", "branch_coverage": false, "show_contexts": false}, "files": {"qbittorrent_exporter/__init__.py": {"executed_lines": [], "summary": {"covered_lines": 0, "num_statements": 0, "percent_covered": 100.0, "percent_covered_display": "100", "missing_lines": 0, "excluded_lines": 0, "percent_statements_covered": 100.0, "percent_statements_covered_display": "100"}, "missing_lines": [], "excluded_lines": [], "functions": {"": {"executed_lines": [], "summary": {"covered_lines": 0, "num_statements": 0, "percent_covered": 100.0, "percent_covered_display": "100", "missing_lines": 0, "excluded_lines": 0, "percent_statements_covered": 100.0, "percent_statements_covered_display": "100"}, "missing_lines": [], "excluded_lines": [], "start_line": 1}}, "classes": {"": {"executed_lines": [], "summary": {"covered_lines": 0, "num_statements": 0, "percent_covered": 100.0, "percent_covered_display": "100", "missing_lines": 0, "excluded_lines": 0, "percent_statements_covered": 100.0, "percent_statements_covered_display": "100"}, "missing_lines": [], "excluded_lines": [], "start_line": 1}}}, "qbittorrent_exporter/exporter.py": {"executed_lines": [1, 2, 3, 4, 5, 6, 7, 8, 9, 11, 12, 13, 14, 17, 18, 21, 26, 27, 30, 31, 38, 39, 40, 43, 44, 45, 46, 47, 49, 50, 51, 52, 53, 55, 56, 62, 63, 64, 68, 69, 70, 72, 74, 78, 79, 80, 81, 85, 88, 91, 93, 94, 96, 98, 99, 102, 108, 114, 115, 119, 124, 126, 130, 131, 134, 135, 136, 140, 142, 212, 214, 215, 216, 217, 218, 219, 220, 221, 223, 225, 226, 227, 228, 229, 231, 235, 242, 246, 248, 249, 250, 252, 253, 255, 261, 262, 263, 264, 267, 272, 275, 276, 283, 286, 294, 306, 329, 374], "summary": {"covered_lines": 108, "num_statements": 151, "percent_covered": 71.52317880794702, "percent_covered_display": "72", "missing_lines": 43, "excluded_lines": 0, "percent_statements_covered": 71.52317880794702, "percent_statements_covered_display": "72"}, "missing_lines": [100, 137, 138, 277, 280, 281, 284, 287, 288, 289, 290, 291, 295, 296, 297, 298, 299, 300, 301, 303, 308, 331, 332, 335, 336, 337, 339, 342, 345, 347, 348, 351, 352, 353, 356, 359, 360, 363, 364, 368, 369, 371, 375], "excluded_lines": [], "functions": {"QbittorrentMetricsCollector.__init__": {"executed_lines": [45, 46, 47, 49, 50, 51, 52, 53], "summary": {"covered_lines": 8, "num_statements": 8, "percent_covered": 100.0, "percent_covered_display": "100", "missing_lines": 0, "excluded_lines": 0, "percent_statements_covered": 100.0, "percent_statements_covered_display": "100"}, "missing_lines": [], "excluded_lines": [], "start_line": 44}, "QbittorrentMetricsCollector._create_client": {"executed_lines": [56, 62, 63, 64, 68, 69, 70, 72], "summary": {"covered_lines": 8, "num_statements": 8, "percent_covered": 100.0, "percent_covered_display": "100", "missing_lines": 0, "excluded_lines": 0, "percent_statements_covered": 100.0, "percent_statements_covered_display": "100"}, "missing_lines": [], "excluded_lines": [], "start_line": 55}, "QbittorrentMetricsCollector.collect": {"executed_lines": [78, 79, 80, 81, 85, 88, 91, 93, 94, 96], "summary": {"covered_lines": 10, "num_statements": 10, "percent_covered": 100.0, "percent_covered_display": "100", "missing_lines": 0, "excluded_lines": 0, "percent_statements_covered": 100.0, "percent_statements_covered_display": "100"}, "missing_lines": [], "excluded_lines": [], "start_line": 74}, "QbittorrentMetricsCollector._get_qbittorrent_by_torrent_metric_gauges": {"executed_lines": [99, 102, 108, 114, 115, 119, 124], "summary": {"covered_lines": 7, "num_statements": 8, "percent_covered": 87.5, "percent_covered_display": "88", "missing_lines": 1, "excluded_lines": 0, "percent_statements_covered": 87.5, "percent_statements_covered_display": "88"}, "missing_lines": [100], "excluded_lines": [], "start_line": 98}, "QbittorrentMetricsCollector._get_qbittorrent_status_metrics": {"executed_lines": [130, 131, 134, 135, 136, 140, 142], "summary": {"covered_lines": 7, "num_statements": 9, "percent_covered": 77.77777777777777, "percent_covered_display": "78", "missing_lines": 2, "excluded_lines": 0, "percent_statements_covered": 77.77777777777777, "percent_statements_covered_display": "78"}, "missing_lines": [137, 138], "excluded_lines": [], "start_line": 126}, "QbittorrentMetricsCollector._fetch_categories": {"executed_lines": [214, 215, 216, 217, 218, 219, 220, 221], "summary": {"covered_lines": 8, "num_statements": 8, "percent_covered": 100.0, "percent_covered_display": "100", "missing_lines": 0, "excluded_lines": 0, "percent_statements_covered": 100.0, "percent_statements_covered_display": "100"}, "missing_lines": [], "excluded_lines": [], "start_line": 212}, "QbittorrentMetricsCollector._fetch_torrents": {"executed_lines": [225, 226, 227, 228, 229], "summary": {"covered_lines": 5, "num_statements": 5, "percent_covered": 100.0, "percent_covered_display": "100", "missing_lines": 0, "excluded_lines": 0, "percent_statements_covered": 100.0, "percent_statements_covered_display": "100"}, "missing_lines": [], "excluded_lines": [], "start_line": 223}, "QbittorrentMetricsCollector._filter_torrents_by_category": {"executed_lines": [235], "summary": {"covered_lines": 1, "num_statements": 1, "percent_covered": 100.0, "percent_covered_display": "100", "missing_lines": 0, "excluded_lines": 0, "percent_statements_covered": 100.0, "percent_statements_covered_display": "100"}, "missing_lines": [], "excluded_lines": [], "start_line": 231}, "QbittorrentMetricsCollector._filter_torrents_by_state": {"executed_lines": [246], "summary": {"covered_lines": 1, "num_statements": 1, "percent_covered": 100.0, "percent_covered_display": "100", "missing_lines": 0, "excluded_lines": 0, "percent_statements_covered": 100.0, "percent_statements_covered_display": "100"}, "missing_lines": [], "excluded_lines": [], "start_line": 242}, "QbittorrentMetricsCollector._get_qbittorrent_torrent_tags_metrics_gauge": {"executed_lines": [249, 250, 252, 253, 255, 261, 262, 263, 264, 267, 272], "summary": {"covered_lines": 11, "num_statements": 11, "percent_covered": 100.0, "percent_covered_display": "100", "missing_lines": 0, "excluded_lines": 0, "percent_statements_covered": 100.0, "percent_statements_covered_display": "100"}, "missing_lines": [], "excluded_lines": [], "start_line": 248}, "ShutdownSignalHandler.__init__": {"executed_lines": [], "summary": {"covered_lines": 0, "num_statements": 3, "percent_covered": 0.0, "percent_covered_display": "0", "missing_lines": 3, "excluded_lines": 0, "percent_statements_covered": 0.0, "percent_statements_covered_display": "0"}, "missing_lines": [277, 280, 281], "excluded_lines": [], "start_line": 276}, "ShutdownSignalHandler.is_shutting_down": {"executed_lines": [], "summary": {"covered_lines": 0, "num_statements": 1, "percent_covered": 0.0, "percent_covered_display": "0", "missing_lines": 1, "excluded_lines": 0, "percent_statements_covered": 0.0, "percent_statements_covered_display": "0"}, "missing_lines": [284], "excluded_lines": [], "start_line": 283}, "ShutdownSignalHandler._on_signal_received": {"executed_lines": [], "summary": {"covered_lines": 0, "num_statements": 5, "percent_covered": 0.0, "percent_covered_display": "0", "missing_lines": 5, "excluded_lines": 0, "percent_statements_covered": 0.0, "percent_statements_covered_display": "0"}, "missing_lines": [287, 288, 289, 290, 291], "excluded_lines": [], "start_line": 286}, "_get_config_value": {"executed_lines": [], "summary": {"covered_lines": 0, "num_statements": 8, "percent_covered": 0.0, "percent_covered_display": "0", "missing_lines": 8, "excluded_lines": 0, "percent_statements_covered": 0.0, "percent_statements_covered_display": "0"}, "missing_lines": [295, 296, 297, 298, 299, 300, 301, 303], "excluded_lines": [], "start_line": 294}, "get_config": {"executed_lines": [], "summary": {"covered_lines": 0, "num_statements": 1, "percent_covered": 0.0, "percent_covered_display": "0",