{"coverage": 68.65671641791045, "raw_data": {"meta": {"version": "7.4.0", "timestamp": "2024-01-13T22:59:31.241225", "branch_coverage": false, "show_contexts": false}, "files": {"qbittorrent_exporter/__init__.py": {"executed_lines": [0], "summary": {"covered_lines": 0, "num_statements": 0, "percent_covered": 100.0, "percent_covered_display": "100", "missing_lines": 0, "excluded_lines": 0}, "missing_lines": [], "excluded_lines": []}, "qbittorrent_exporter/exporter.py": {"executed_lines": [1, 2, 3, 4, 5, 6, 7, 8, 9, 11, 12, 13, 14, 17, 18, 21, 22, 26, 27, 30, 31, 32, 36, 37, 38, 39, 40, 43, 44, 45, 46, 53, 55, 59, 61, 62, 63, 67, 70, 73, 75, 79, 80, 81, 83, 85, 89, 90, 93, 94, 95, 99, 101, 165, 167, 168, 169, 170, 171, 172, 173, 174, 176, 178, 179, 180, 181, 182, 184, 188, 195, 199, 201, 204, 215, 216, 217, 219, 220, 222, 223, 224, 225, 228, 231, 233, 236, 237, 244, 247, 255, 267, 283, 326], "summary": {"covered_lines": 92, "num_statements": 134, "percent_covered": 68.65671641791045, "percent_covered_display": "69", "missing_lines": 42, "excluded_lines": 0}, "missing_lines": [96, 97, 238, 241, 242, 245, 248, 249, 250, 251, 252, 256, 257, 258, 259, 260, 261, 262, 264, 269, 285, 286, 289, 290, 291, 293, 296, 299, 301, 302, 305, 306, 307, 310, 313, 314, 317, 318, 320, 321, 323, 327], "excluded_lines": []}}, "totals": {"covered_lines": 92, "num_statements": 134, "percent_covered": 68.65671641791045, "percent_covered_display": "69", "missing_lines": 42, "excluded_lines": 0}}, "coverage_path": "."}